gene.ID,Base.Mean,log2.FC.,StdErr,Wald.Stats,P.value,P.adj,V1,V2,V3,V4,V5,V6,V7,V8,V9,V10,V11,V12,V13,V14,V16
vnz_00080,99.84377,5.5274768,0.6488105,8.5194009,1.6e-17,7.89e-16,CP018074.1,17937,17938,TSS_00013,102,-,CP018074.1,Genbank,gene,14532,15020,.,+,.,2918
vnz_00235,73.801216,4.6006282,0.7223884,6.368635,1.91e-10,3.74e-09,CP018074.1,56427,56428,TSS_00024,2292,-,CP018074.1,Genbank,gene,52914,54080,.,+,.,2348
vnz_01280,953.15588,4.3622563,0.446382,9.7724735,1.48e-22,1.28e-20,CP018074.1,290648,290649,TSS_00112,140,-,CP018074.1,Genbank,gene,283605,285791,.,+,.,4858
vnz_01280,953.15588,4.3622563,0.446382,9.7724735,1.48e-22,1.28e-20,CP018074.1,290017,290018,TSS_00111,31,-,CP018074.1,Genbank,gene,283605,285791,.,+,.,4227
vnz_01280,953.15588,4.3622563,0.446382,9.7724735,1.48e-22,1.28e-20,CP018074.1,286783,286784,TSS_00110,78,-,CP018074.1,Genbank,gene,283605,285791,.,+,.,993
vnz_01585,156.84896,3.2122337,0.4299949,7.4703989,8e-14,2.53e-12,CP018074.1,361233,361234,TSS_00142,47,+,CP018074.1,Genbank,gene,361768,362964,.,-,.,534
vnz_01955,133.9567,3.1201422,0.8905992,3.5034191,0.0004593,0.0028739,CP018074.1,436207,436208,TSS_00181,86,+,CP018074.1,Genbank,gene,437917,439257,.,-,.,1709
vnz_01955,133.9567,3.1201422,0.8905992,3.5034191,0.0004593,0.0028739,CP018074.1,436275,436276,TSS_00182,1170,+,CP018074.1,Genbank,gene,437917,439257,.,-,.,1641
vnz_02620,195.18305,2.5581547,0.8924306,2.8665027,0.0041503,0.018846,CP018074.1,632545,632546,TSS_00322,48,-,CP018074.1,Genbank,gene,629846,630325,.,+,.,2221
vnz_02640,870.04131,6.2166891,0.4883122,12.730972,3.98e-37,1.62e-34,CP018074.1,632681,632682,TSS_00323,37,+,CP018074.1,Genbank,gene,634154,635680,.,-,.,1472
vnz_02640,870.04131,6.2166891,0.4883122,12.730972,3.98e-37,1.62e-34,CP018074.1,632961,632962,TSS_00325,31,+,CP018074.1,Genbank,gene,634154,635680,.,-,.,1192
vnz_02915,171.98688,-4.9330628,0.4452037,-11.080461,1.56e-28,2.54e-26,CP018074.1,702535,702536,TSS_00350,56,+,CP018074.1,Genbank,gene,702440,706429,.,-,.,1
vnz_02915,171.98688,-4.9330628,0.4452037,-11.080461,1.56e-28,2.54e-26,CP018074.1,702520,702521,TSS_00347,32,+,CP018074.1,Genbank,gene,702440,706429,.,-,.,1
vnz_02920,52.486714,-3.3995089,0.4921157,-6.9079469,4.92e-12,1.22e-10,CP018074.1,702535,702536,TSS_00350,56,+,CP018074.1,Genbank,gene,706873,707982,.,-,.,4337
vnz_02920,52.486714,-3.3995089,0.4921157,-6.9079469,4.92e-12,1.22e-10,CP018074.1,702520,702521,TSS_00347,32,+,CP018074.1,Genbank,gene,706873,707982,.,-,.,4352
vnz_03525,141.89096,2.4257039,0.3579965,6.7757757,1.24e-11,2.94e-10,CP018074.1,844856,844857,TSS_00447,390,+,CP018074.1,Genbank,gene,845531,847066,.,-,.,674
vnz_03525,141.89096,2.4257039,0.3579965,6.7757757,1.24e-11,2.94e-10,CP018074.1,843030,843031,TSS_00444,230,+,CP018074.1,Genbank,gene,845531,847066,.,-,.,2500
vnz_03525,141.89096,2.4257039,0.3579965,6.7757757,1.24e-11,2.94e-10,CP018074.1,844741,844742,TSS_00445,100,+,CP018074.1,Genbank,gene,845531,847066,.,-,.,789
vnz_03545,83.429497,2.3370275,0.4564908,5.1195502,3.06e-07,3.57e-06,CP018074.1,851477,851478,TSS_00452,31,-,CP018074.1,Genbank,gene,849585,850667,.,+,.,811
vnz_04045,612.02596,3.9421214,0.3114979,12.655371,1.04e-36,3.78e-34,CP018074.1,965722,965723,TSS_00506,42,-,CP018074.1,Genbank,gene,964694,965170,.,+,.,553
vnz_04050,62.473601,2.2012654,0.7101672,3.0996438,0.0019375,0.0101355,CP018074.1,963183,963184,TSS_00503,89,+,CP018074.1,Genbank,gene,965238,965675,.,-,.,2054
vnz_04050,62.473601,2.2012654,0.7101672,3.0996438,0.0019375,0.0101355,CP018074.1,964451,964452,TSS_00505,2026,+,CP018074.1,Genbank,gene,965238,965675,.,-,.,786
vnz_04175,79.946852,8.0537038,0.8585772,9.3802904,6.58e-21,4.46e-19,CP018074.1,993371,993372,TSS_00531,70,+,CP018074.1,Genbank,gene,994750,995976,.,-,.,1378
vnz_04420,86.272376,6.0647952,0.7130441,8.5054978,1.81e-17,8.65e-16,CP018074.1,1041810,1041811,TSS_00577,787,+,CP018074.1,Genbank,gene,1043364,1044626,.,-,.,1553
vnz_04645,321.96559,-3.4855313,0.3045665,-11.444239,2.51e-30,5.27e-28,CP018074.1,1085672,1085673,TSS_00586,69,+,CP018074.1,Genbank,gene,1087252,1090137,.,-,.,1579
vnz_04645,321.96559,-3.4855313,0.3045665,-11.444239,2.51e-30,5.27e-28,CP018074.1,1086813,1086814,TSS_00588,986,+,CP018074.1,Genbank,gene,1087252,1090137,.,-,.,438
vnz_04650,328.27444,3.1930344,0.6294879,5.0724314,3.93e-07,4.48e-06,CP018074.1,1095651,1095652,TSS_00612,1308,-,CP018074.1,Genbank,gene,1090531,1090896,.,+,.,4756
vnz_04650,328.27444,3.1930344,0.6294879,5.0724314,3.93e-07,4.48e-06,CP018074.1,1094629,1094630,TSS_00601,46,-,CP018074.1,Genbank,gene,1090531,1090896,.,+,.,3734
vnz_04650,328.27444,3.1930344,0.6294879,5.0724314,3.93e-07,4.48e-06,CP018074.1,1097160,1097161,TSS_00615,77,-,CP018074.1,Genbank,gene,1090531,1090896,.,+,.,6265
vnz_04650,328.27444,3.1930344,0.6294879,5.0724314,3.93e-07,4.48e-06,CP018074.1,1095806,1095807,TSS_00614,997,-,CP018074.1,Genbank,gene,1090531,1090896,.,+,.,4911
vnz_04650,328.27444,3.1930344,0.6294879,5.0724314,3.93e-07,4.48e-06,CP018074.1,1097826,1097827,TSS_00616,46,-,CP018074.1,Genbank,gene,1090531,1090896,.,+,.,6931
vnz_04650,328.27444,3.1930344,0.6294879,5.0724314,3.93e-07,4.48e-06,CP018074.1,1095549,1095550,TSS_00608,1988,-,CP018074.1,Genbank,gene,1090531,1090896,.,+,.,4654
vnz_04650,328.27444,3.1930344,0.6294879,5.0724314,3.93e-07,4.48e-06,CP018074.1,1093753,1093754,TSS_00599,5279,-,CP018074.1,Genbank,gene,1090531,1090896,.,+,.,2858
vnz_04650,328.27444,3.1930344,0.6294879,5.0724314,3.93e-07,4.48e-06,CP018074.1,1100605,1100606,TSS_00620,48,-,CP018074.1,Genbank,gene,1090531,1090896,.,+,.,9710
vnz_04650,328.27444,3.1930344,0.6294879,5.0724314,3.93e-07,4.48e-06,CP018074.1,1106786,1106787,TSS_00718,92,-,CP018074.1,Genbank,gene,1090531,1090896,.,+,.,15891
vnz_04650,328.27444,3.1930344,0.6294879,5.0724314,3.93e-07,4.48e-06,CP018074.1,1106923,1106924,TSS_00721,418,-,CP018074.1,Genbank,gene,1090531,1090896,.,+,.,16028
vnz_04650,328.27444,3.1930344,0.6294879,5.0724314,3.93e-07,4.48e-06,CP018074.1,1095527,1095528,TSS_00606,207,-,CP018074.1,Genbank,gene,1090531,1090896,.,+,.,4632
vnz_04650,328.27444,3.1930344,0.6294879,5.0724314,3.93e-07,4.48e-06,CP018074.1,1095237,1095238,TSS_00602,75,-,CP018074.1,Genbank,gene,1090531,1090896,.,+,.,4342
vnz_04650,328.27444,3.1930344,0.6294879,5.0724314,3.93e-07,4.48e-06,CP018074.1,1100587,1100588,TSS_00619,1163,-,CP018074.1,Genbank,gene,1090531,1090896,.,+,.,9692
vnz_04650,328.27444,3.1930344,0.6294879,5.0724314,3.93e-07,4.48e-06,CP018074.1,1101181,1101182,TSS_00622,1997,-,CP018074.1,Genbank,gene,1090531,1090896,.,+,.,10286
vnz_04650,328.27444,3.1930344,0.6294879,5.0724314,3.93e-07,4.48e-06,CP018074.1,1095692,1095693,TSS_00613,65,-,CP018074.1,Genbank,gene,1090531,1090896,.,+,.,4797
vnz_04650,328.27444,3.1930344,0.6294879,5.0724314,3.93e-07,4.48e-06,CP018074.1,1106689,1106690,TSS_00716,564,-,CP018074.1,Genbank,gene,1090531,1090896,.,+,.,15794
vnz_06205,787.13759,6.572727,0.4714689,13.940957,3.57e-44,2.32e-41,CP018074.1,1433995,1433996,TSS_01264,2679,+,CP018074.1,Genbank,gene,1434244,1435134,.,-,.,248
vnz_06305,60.71725,3.7490501,0.7330561,5.1142745,3.15e-07,3.65e-06,CP018074.1,1452620,1452621,TSS_01279,112,+,CP018074.1,Genbank,gene,1453382,1454311,.,-,.,761
vnz_06305,60.71725,3.7490501,0.7330561,5.1142745,3.15e-07,3.65e-06,CP018074.1,1452036,1452037,TSS_01278,266,+,CP018074.1,Genbank,gene,1453382,1454311,.,-,.,1345
vnz_06305,60.71725,3.7490501,0.7330561,5.1142745,3.15e-07,3.65e-06,CP018074.1,1454012,1454013,TSS_01280,40,+,CP018074.1,Genbank,gene,1453382,1454311,.,-,.,1
vnz_06580,83.843317,2.4132575,0.4258304,5.6671806,1.45e-08,2.11e-07,CP018074.1,1511622,1511623,TSS_01313,302,-,CP018074.1,Genbank,gene,1510114,1511232,.,+,.,391
vnz_06785,128.65853,5.5549221,0.5420005,10.248925,1.2e-24,1.44e-22,CP018074.1,1563545,1563546,TSS_01339,432,-,CP018074.1,Genbank,gene,1557642,1558424,.,+,.,5122
vnz_06785,128.65853,5.5549221,0.5420005,10.248925,1.2e-24,1.44e-22,CP018074.1,1561957,1561958,TSS_01335,380,-,CP018074.1,Genbank,gene,1557642,1558424,.,+,.,3534
vnz_06785,128.65853,5.5549221,0.5420005,10.248925,1.2e-24,1.44e-22,CP018074.1,1560548,1560549,TSS_01334,193,-,CP018074.1,Genbank,gene,1557642,1558424,.,+,.,2125
vnz_06890,896.91998,-4.216924,0.3383183,-12.464368,1.17e-35,3.8e-33,CP018074.1,1576242,1576243,TSS_01363,31,+,CP018074.1,Genbank,gene,1575304,1576419,.,-,.,1
vnz_06895,249.23502,2.6218193,0.4570018,5.7369999,9.64e-09,1.43e-07,CP018074.1,1576242,1576243,TSS_01363,31,+,CP018074.1,Genbank,gene,1576567,1578552,.,-,.,324
vnz_07055,211.90673,5.1147334,0.4720314,10.835579,2.33e-27,3.53e-25,CP018074.1,1613863,1613864,TSS_01519,47,+,CP018074.1,Genbank,gene,1614798,1615043,.,-,.,934
vnz_07145,1433.5743,4.1466459,0.5403249,7.6743562,1.66e-14,5.58e-13,CP018074.1,1639202,1639203,TSS_01549,876,+,CP018074.1,Genbank,gene,1640583,1640858,.,-,.,1380
vnz_07255,128.01688,4.5822059,0.8707634,5.2622855,1.42e-07,1.77e-06,CP018074.1,1658909,1658910,TSS_01577,89,+,CP018074.1,Genbank,gene,1661464,1662051,.,-,.,2554
vnz_07255,128.01688,4.5822059,0.8707634,5.2622855,1.42e-07,1.77e-06,CP018074.1,1658056,1658057,TSS_01575,991,+,CP018074.1,Genbank,gene,1661464,1662051,.,-,.,3407
vnz_07255,128.01688,4.5822059,0.8707634,5.2622855,1.42e-07,1.77e-06,CP018074.1,1656693,1656694,TSS_01571,801,+,CP018074.1,Genbank,gene,1661464,1662051,.,-,.,4770
vnz_07930,185.35914,5.8711415,0.5801707,10.119679,4.52e-24,4.98e-22,CP018074.1,1806253,1806254,TSS_01738,266,+,CP018074.1,Genbank,gene,1807521,1808318,.,-,.,1267
vnz_07930,185.35914,5.8711415,0.5801707,10.119679,4.52e-24,4.98e-22,CP018074.1,1804976,1804977,TSS_01737,198,+,CP018074.1,Genbank,gene,1807521,1808318,.,-,.,2544
vnz_08075,120.27846,5.1703853,0.629769,8.2099712,2.21e-16,9.17e-15,CP018074.1,1842053,1842054,TSS_01826,34,+,CP018074.1,Genbank,gene,1843710,1845122,.,-,.,1656
vnz_08075,120.27846,5.1703853,0.629769,8.2099712,2.21e-16,9.17e-15,CP018074.1,1841839,1841840,TSS_01825,83,+,CP018074.1,Genbank,gene,1843710,1845122,.,-,.,1870
vnz_08390,114.13961,-2.7693244,0.4414775,-6.2728548,3.54e-10,6.53e-09,CP018074.1,1910419,1910420,TSS_01875,34,-,CP018074.1,Genbank,gene,1910341,1911954,.,+,.,1
vnz_08875,539.77033,5.4952653,0.5695865,9.6478149,5.02e-22,4.08e-20,CP018074.1,2019360,2019361,TSS_02098,206,+,CP018074.1,Genbank,gene,2019943,2021199,.,-,.,582
vnz_08960,55.020127,4.2736288,0.7173931,5.9571648,2.57e-09,4.13e-08,CP018074.1,2041378,2041379,TSS_02155,2167,-,CP018074.1,Genbank,gene,2040001,2041077,.,+,.,302
vnz_09020,589.63795,4.3344993,0.3743904,11.577486,5.36e-31,1.16e-28,CP018074.1,2053252,2053253,TSS_02162,100,+,CP018074.1,Genbank,gene,2052497,2054581,.,-,.,1
vnz_09130,881.32444,-2.7242771,0.3341512,-8.1528264,3.56e-16,1.42e-14,CP018074.1,2079193,2079194,TSS_02312,34,-,CP018074.1,Genbank,gene,2078523,2079947,.,+,.,1
vnz_09140,106.18035,3.0316928,0.4780145,6.3422617,2.26e-10,4.35e-09,CP018074.1,2082515,2082516,TSS_02323,3156,-,CP018074.1,Genbank,gene,2080900,2082093,.,+,.,423
vnz_09140,106.18035,3.0316928,0.4780145,6.3422617,2.26e-10,4.35e-09,CP018074.1,2082632,2082633,TSS_02327,44,-,CP018074.1,Genbank,gene,2080900,2082093,.,+,.,540
vnz_09240,57.7531,-2.480311,0.4741174,-5.2314274,1.68e-07,2.04e-06,CP018074.1,2102219,2102220,TSS_02339,210,-,CP018074.1,Genbank,gene,2101141,2101875,.,+,.,345
vnz_09255,261.36114,4.6013604,0.433592,10.61219,2.62e-26,3.34e-24,CP018074.1,2102244,2102245,TSS_02340,94,+,CP018074.1,Genbank,gene,2102767,2108055,.,-,.,522
vnz_09475,65.912431,6.8056713,0.98101,6.937413,3.99e-12,1.01e-10,CP018074.1,2153796,2153797,TSS_02383,52,+,CP018074.1,Genbank,gene,2153100,2154578,.,-,.,1
vnz_09560,618.38771,2.0367154,0.4018896,5.0678476,4.02e-07,4.58e-06,CP018074.1,2174734,2174735,TSS_02418,519,-,CP018074.1,Genbank,gene,2173356,2174006,.,+,.,729
vnz_09605,263.47024,5.7820433,0.4131741,13.994205,1.69e-44,1.22e-41,CP018074.1,2185143,2185144,TSS_02428,83,-,CP018074.1,Genbank,gene,2182029,2182817,.,+,.,2327
vnz_09935,154.46576,6.3368393,0.7718084,8.2103791,2.2e-16,9.17e-15,CP018074.1,2243442,2243443,TSS_02494,126,+,CP018074.1,Genbank,gene,2245722,2246273,.,-,.,2279
vnz_09935,154.46576,6.3368393,0.7718084,8.2103791,2.2e-16,9.17e-15,CP018074.1,2243412,2243413,TSS_02490,90,+,CP018074.1,Genbank,gene,2245722,2246273,.,-,.,2309
vnz_09935,154.46576,6.3368393,0.7718084,8.2103791,2.2e-16,9.17e-15,CP018074.1,2243310,2243311,TSS_02489,125,+,CP018074.1,Genbank,gene,2245722,2246273,.,-,.,2411
vnz_09935,154.46576,6.3368393,0.7718084,8.2103791,2.2e-16,9.17e-15,CP018074.1,2243428,2243429,TSS_02491,1657,+,CP018074.1,Genbank,gene,2245722,2246273,.,-,.,2293
vnz_10810,116.43287,2.4941171,0.4030248,6.1884955,6.07e-10,1.07e-08,CP018074.1,2382093,2382094,TSS_02797,10161,+,CP018074.1,Genbank,gene,2383830,2384324,.,-,.,1736
vnz_10810,116.43287,2.4941171,0.4030248,6.1884955,6.07e-10,1.07e-08,CP018074.1,2382114,2382115,TSS_02807,215,+,CP018074.1,Genbank,gene,2383830,2384324,.,-,.,1715
vnz_10810,116.43287,2.4941171,0.4030248,6.1884955,6.07e-10,1.07e-08,CP018074.1,2382030,2382031,TSS_02772,74,+,CP018074.1,Genbank,gene,2383830,2384324,.,-,.,1799
vnz_10810,116.43287,2.4941171,0.4030248,6.1884955,6.07e-10,1.07e-08,CP018074.1,2382070,2382071,TSS_02788,128,+,CP018074.1,Genbank,gene,2383830,2384324,.,-,.,1759
vnz_10810,116.43287,2.4941171,0.4030248,6.1884955,6.07e-10,1.07e-08,CP018074.1,2381892,2381893,TSS_02735,228,+,CP018074.1,Genbank,gene,2383830,2384324,.,-,.,1937
vnz_10810,116.43287,2.4941171,0.4030248,6.1884955,6.07e-10,1.07e-08,CP018074.1,2381025,2381026,TSS_02650,177,+,CP018074.1,Genbank,gene,2383830,2384324,.,-,.,2804
vnz_10810,116.43287,2.4941171,0.4030248,6.1884955,6.07e-10,1.07e-08,CP018074.1,2380046,2380047,TSS_02646,4543,+,CP018074.1,Genbank,gene,2383830,2384324,.,-,.,3783
vnz_10810,116.43287,2.4941171,0.4030248,6.1884955,6.07e-10,1.07e-08,CP018074.1,2380126,2380127,TSS_02649,117,+,CP018074.1,Genbank,gene,2383830,2384324,.,-,.,3703
vnz_10810,116.43287,2.4941171,0.4030248,6.1884955,6.07e-10,1.07e-08,CP018074.1,2382221,2382222,TSS_02825,76,+,CP018074.1,Genbank,gene,2383830,2384324,.,-,.,1608
vnz_10810,116.43287,2.4941171,0.4030248,6.1884955,6.07e-10,1.07e-08,CP018074.1,2381884,2381885,TSS_02733,52,+,CP018074.1,Genbank,gene,2383830,2384324,.,-,.,1945
vnz_10810,116.43287,2.4941171,0.4030248,6.1884955,6.07e-10,1.07e-08,CP018074.1,2378855,2378856,TSS_02643,42,+,CP018074.1,Genbank,gene,2383830,2384324,.,-,.,4974
vnz_11270,64.336709,-5.4697018,0.8754152,-6.2481228,4.15e-10,7.53e-09,CP018074.1,2487722,2487723,TSS_02978,44,+,CP018074.1,Genbank,gene,2487961,2488266,.,-,.,238
vnz_11750,92.852635,-2.1003863,0.3501086,-5.9992428,1.98e-09,3.26e-08,CP018074.1,2606969,2606970,TSS_03176,226,-,CP018074.1,Genbank,gene,2604322,2605284,.,+,.,1686
vnz_11750,92.852635,-2.1003863,0.3501086,-5.9992428,1.98e-09,3.26e-08,CP018074.1,2606677,2606678,TSS_03170,71,-,CP018074.1,Genbank,gene,2604322,2605284,.,+,.,1394
vnz_11750,92.852635,-2.1003863,0.3501086,-5.9992428,1.98e-09,3.26e-08,CP018074.1,2610158,2610159,TSS_03192,1101,-,CP018074.1,Genbank,gene,2604322,2605284,.,+,.,4875
vnz_11750,92.852635,-2.1003863,0.3501086,-5.9992428,1.98e-09,3.26e-08,CP018074.1,2608193,2608194,TSS_03180,58,-,CP018074.1,Genbank,gene,2604322,2605284,.,+,.,2910
vnz_11750,92.852635,-2.1003863,0.3501086,-5.9992428,1.98e-09,3.26e-08,CP018074.1,2606685,2606686,TSS_03173,2242,-,CP018074.1,Genbank,gene,2604322,2605284,.,+,.,1402
vnz_11750,92.852635,-2.1003863,0.3501086,-5.9992428,1.98e-09,3.26e-08,CP018074.1,2610025,2610026,TSS_03189,196,-,CP018074.1,Genbank,gene,2604322,2605284,.,+,.,4742
vnz_12570,157.24227,4.2834726,0.3841927,11.14928,7.22e-29,1.3e-26,CP018074.1,2798678,2798679,TSS_03402,42,-,CP018074.1,Genbank,gene,2797445,2798605,.,+,.,74
vnz_12570,157.24227,4.2834726,0.3841927,11.14928,7.22e-29,1.3e-26,CP018074.1,2798673,2798674,TSS_03401,60,-,CP018074.1,Genbank,gene,2797445,2798605,.,+,.,69
vnz_12665,120.10415,6.7654886,0.8352725,8.0997385,5.51e-16,2.15e-14,CP018074.1,2821918,2821919,TSS_03593,40,-,CP018074.1,Genbank,gene,2820028,2821710,.,+,.,209
vnz_12665,120.10415,6.7654886,0.8352725,8.0997385,5.51e-16,2.15e-14,CP018074.1,2820217,2820218,TSS_03591,33,-,CP018074.1,Genbank,gene,2820028,2821710,.,+,.,1
vnz_12665,120.10415,6.7654886,0.8352725,8.0997385,5.51e-16,2.15e-14,CP018074.1,2820272,2820273,TSS_03592,31,-,CP018074.1,Genbank,gene,2820028,2821710,.,+,.,1
vnz_12670,153.53517,8.4808629,1.0018214,8.4654444,2.55e-17,1.18e-15,CP018074.1,2821918,2821919,TSS_03593,40,-,CP018074.1,Genbank,gene,2821720,2823423,.,+,.,1
vnz_12675,266.31161,7.4039075,0.7504404,9.8660832,5.84e-23,5.21e-21,CP018074.1,2829322,2829323,TSS_03595,921,-,CP018074.1,Genbank,gene,2823453,2825102,.,+,.,4221
vnz_12710,296.89412,2.5241704,0.5142598,4.9083566,9.18e-07,9.89e-06,CP018074.1,2833613,2833614,TSS_03600,533,-,CP018074.1,Genbank,gene,2831656,2832942,.,+,.,672
vnz_12755,195.52343,6.5157286,1.0838947,6.0114039,1.84e-09,3.04e-08,CP018074.1,2838694,2838695,TSS_03603,169,+,CP018074.1,Genbank,gene,2840121,2841371,.,-,.,1426
vnz_12755,195.52343,6.5157286,1.0838947,6.0114039,1.84e-09,3.04e-08,CP018074.1,2839955,2839956,TSS_03605,53,+,CP018074.1,Genbank,gene,2840121,2841371,.,-,.,165
vnz_13040,57.332694,2.7031648,0.4707682,5.7420289,9.35e-09,1.4e-07,CP018074.1,2897534,2897535,TSS_03671,41,+,CP018074.1,Genbank,gene,2898990,2899742,.,-,.,1455
vnz_13130,139.58825,5.9758797,0.7933101,7.5328416,4.96e-14,1.59e-12,CP018074.1,2915864,2915865,TSS_03709,82,+,CP018074.1,Genbank,gene,2915576,2916355,.,-,.,1
vnz_13130,139.58825,5.9758797,0.7933101,7.5328416,4.96e-14,1.59e-12,CP018074.1,2915211,2915212,TSS_03708,449,+,CP018074.1,Genbank,gene,2915576,2916355,.,-,.,364
vnz_13130,139.58825,5.9758797,0.7933101,7.5328416,4.96e-14,1.59e-12,CP018074.1,2915191,2915192,TSS_03707,207,+,CP018074.1,Genbank,gene,2915576,2916355,.,-,.,384
vnz_13705,102.90624,6.1315631,0.7185987,8.5326668,1.43e-17,7.16e-16,CP018074.1,3064702,3064703,TSS_04161,115,-,CP018074.1,Genbank,gene,3062620,3064002,.,+,.,701
vnz_13705,102.90624,6.1315631,0.7185987,8.5326668,1.43e-17,7.16e-16,CP018074.1,3064630,3064631,TSS_04160,332,-,CP018074.1,Genbank,gene,3062620,3064002,.,+,.,629
vnz_13730,293.5355,5.50192,0.4504723,12.213669,2.63e-34,7.43e-32,CP018074.1,3067366,3067367,TSS_04169,367,+,CP018074.1,Genbank,gene,3068781,3069719,.,-,.,1414
vnz_13765,282.38665,-2.041451,0.2976574,-6.8583913,6.96e-12,1.7e-10,CP018074.1,3082569,3082570,TSS_04194,2017,-,CP018074.1,Genbank,gene,3075964,3077484,.,+,.,5086
vnz_13765,282.38665,-2.041451,0.2976574,-6.8583913,6.96e-12,1.7e-10,CP018074.1,3082828,3082829,TSS_04197,32,-,CP018074.1,Genbank,gene,3075964,3077484,.,+,.,5345
vnz_13855,119.08683,-4.6406812,0.3783308,-12.2662,1.38e-34,4.07e-32,CP018074.1,3097377,3097378,TSS_04204,872,+,CP018074.1,Genbank,gene,3096337,3097551,.,-,.,1
vnz_13860,100.12329,-5.928629,0.5198851,-11.403729,4.01e-30,8.15e-28,CP018074.1,3097377,3097378,TSS_04204,872,+,CP018074.1,Genbank,gene,3097611,3098948,.,-,.,233
vnz_14255,155.50852,3.8573832,0.4671858,8.2566364,1.5e-16,6.41e-15,CP018074.1,3159358,3159359,TSS_04276,40,+,CP018074.1,Genbank,gene,3160454,3161176,.,-,.,1095
vnz_14255,155.50852,3.8573832,0.4671858,8.2566364,1.5e-16,6.41e-15,CP018074.1,3158987,3158988,TSS_04273,45,+,CP018074.1,Genbank,gene,3160454,3161176,.,-,.,1466
vnz_14285,117.01012,-2.5208676,0.7058517,-3.5713842,0.0003551,0.0022832,CP018074.1,3172896,3172897,TSS_04295,55,-,CP018074.1,Genbank,gene,3167431,3169830,.,+,.,3067
vnz_14350,293.55476,-2.0898619,0.4106624,-5.0890025,3.6e-07,4.15e-06,CP018074.1,3179659,3179660,TSS_04307,51,+,CP018074.1,Genbank,gene,3179387,3190186,.,-,.,1
vnz_14350,293.55476,-2.0898619,0.4106624,-5.0890025,3.6e-07,4.15e-06,CP018074.1,3179520,3179521,TSS_04304,33,+,CP018074.1,Genbank,gene,3179387,3190186,.,-,.,1
vnz_14350,293.55476,-2.0898619,0.4106624,-5.0890025,3.6e-07,4.15e-06,CP018074.1,3185089,3185090,TSS_04310,37,+,CP018074.1,Genbank,gene,3179387,3190186,.,-,.,1
vnz_14535,72.92782,-2.0128104,0.3876435,-5.1924262,2.08e-07,2.46e-06,CP018074.1,3234064,3234065,TSS_04369,116,-,CP018074.1,Genbank,gene,3231398,3233110,.,+,.,955
vnz_14535,72.92782,-2.0128104,0.3876435,-5.1924262,2.08e-07,2.46e-06,CP018074.1,3234102,3234103,TSS_04370,32,-,CP018074.1,Genbank,gene,3231398,3233110,.,+,.,993
vnz_14710,56.617339,-2.2417776,0.5837213,-3.8404932,0.0001228,0.0008848,CP018074.1,3273331,3273332,TSS_04406,192,-,CP018074.1,Genbank,gene,3272158,3272775,.,+,.,557
vnz_14710,56.617339,-2.2417776,0.5837213,-3.8404932,0.0001228,0.0008848,CP018074.1,3274415,3274416,TSS_04407,88,-,CP018074.1,Genbank,gene,3272158,3272775,.,+,.,1641
vnz_14760,194.073,2.5702999,0.4597527,5.5906142,2.26e-08,3.18e-07,CP018074.1,3285788,3285789,TSS_04412,684,-,CP018074.1,Genbank,gene,3281938,3285240,.,+,.,549
vnz_14775,865.28468,4.785225,0.744003,6.4317283,1.26e-10,2.53e-09,CP018074.1,3285859,3285860,TSS_04414,59,+,CP018074.1,Genbank,gene,3287039,3287224,.,-,.,1179
vnz_14925,524.5593,2.7482516,0.3815858,7.2021846,5.93e-13,1.74e-11,CP018074.1,3332318,3332319,TSS_04472,153,-,CP018074.1,Genbank,gene,3323052,3323618,.,+,.,8701
vnz_14925,524.5593,2.7482516,0.3815858,7.2021846,5.93e-13,1.74e-11,CP018074.1,3323855,3323856,TSS_04470,777,-,CP018074.1,Genbank,gene,3323052,3323618,.,+,.,238
vnz_15055,107.21536,2.9458432,0.4942468,5.960268,2.52e-09,4.07e-08,CP018074.1,3354039,3354040,TSS_04489,169,+,CP018074.1,Genbank,gene,3354591,3356120,.,-,.,551
vnz_15660,1040.5834,3.5025893,0.3269937,10.711489,8.99e-27,1.27e-24,CP018074.1,3498407,3498408,TSS_04782,5059,-,CP018074.1,Genbank,gene,3484640,3485878,.,+,.,12530
vnz_15660,1040.5834,3.5025893,0.3269937,10.711489,8.99e-27,1.27e-24,CP018074.1,3498489,3498490,TSS_04784,80099,-,CP018074.1,Genbank,gene,3484640,3485878,.,+,.,12612
vnz_15660,1040.5834,3.5025893,0.3269937,10.711489,8.99e-27,1.27e-24,CP018074.1,3492175,3492176,TSS_04682,79,-,CP018074.1,Genbank,gene,3484640,3485878,.,+,.,6298
vnz_15660,1040.5834,3.5025893,0.3269937,10.711489,8.99e-27,1.27e-24,CP018074.1,3498324,3498325,TSS_04780,228,-,CP018074.1,Genbank,gene,3484640,3485878,.,+,.,12447
vnz_15660,1040.5834,3.5025893,0.3269937,10.711489,8.99e-27,1.27e-24,CP018074.1,3490989,3490990,TSS_04681,151,-,CP018074.1,Genbank,gene,3484640,3485878,.,+,.,5112
vnz_15660,1040.5834,3.5025893,0.3269937,10.711489,8.99e-27,1.27e-24,CP018074.1,3488471,3488472,TSS_04674,27881,-,CP018074.1,Genbank,gene,3484640,3485878,.,+,.,2594
vnz_15660,1040.5834,3.5025893,0.3269937,10.711489,8.99e-27,1.27e-24,CP018074.1,3488835,3488836,TSS_04678,513,-,CP018074.1,Genbank,gene,3484640,3485878,.,+,.,2958
vnz_15660,1040.5834,3.5025893,0.3269937,10.711489,8.99e-27,1.27e-24,CP018074.1,3492827,3492828,TSS_04683,66,-,CP018074.1,Genbank,gene,3484640,3485878,.,+,.,6950
vnz_15660,1040.5834,3.5025893,0.3269937,10.711489,8.99e-27,1.27e-24,CP018074.1,3488172,3488173,TSS_04672,172,-,CP018074.1,Genbank,gene,3484640,3485878,.,+,.,2295
vnz_15660,1040.5834,3.5025893,0.3269937,10.711489,8.99e-27,1.27e-24,CP018074.1,3492851,3492852,TSS_04685,2786,-,CP018074.1,Genbank,gene,3484640,3485878,.,+,.,6974
vnz_15810,303.74113,2.9158342,0.4016845,7.2590165,3.9e-13,1.17e-11,CP018074.1,3517781,3517782,TSS_04903,1409,+,CP018074.1,Genbank,gene,3518653,3520449,.,-,.,871
vnz_15810,303.74113,2.9158342,0.4016845,7.2590165,3.9e-13,1.17e-11,CP018074.1,3520437,3520438,TSS_04904,36,+,CP018074.1,Genbank,gene,3518653,3520449,.,-,.,1
vnz_15890,336.79765,-2.8622784,0.4130516,-6.9295897,4.22e-12,1.06e-10,CP018074.1,3539615,3539616,TSS_04940,183,+,CP018074.1,Genbank,gene,3540575,3540910,.,-,.,959
vnz_16410,361.37416,7.4734415,0.6765787,11.04593,2.29e-28,3.64e-26,CP018074.1,3648758,3648759,TSS_05102,57,+,CP018074.1,Genbank,gene,3649723,3651030,.,-,.,964
vnz_16440,137.35528,-2.1746748,0.5497277,-3.9559123,7.62e-05,0.0005769,CP018074.1,3662519,3662520,TSS_05117,567,-,CP018074.1,Genbank,gene,3659247,3659444,.,+,.,3076
vnz_16440,137.35528,-2.1746748,0.5497277,-3.9559123,7.62e-05,0.0005769,CP018074.1,3660731,3660732,TSS_05113,104,-,CP018074.1,Genbank,gene,3659247,3659444,.,+,.,1288
vnz_16915,179.68926,4.542701,0.471998,9.6244068,6.31e-22,5e-20,CP018074.1,3755291,3755292,TSS_05269,146,+,CP018074.1,Genbank,gene,3756073,3756831,.,-,.,781
vnz_16915,179.68926,4.542701,0.471998,9.6244068,6.31e-22,5e-20,CP018074.1,3753605,3753606,TSS_05261,332,+,CP018074.1,Genbank,gene,3756073,3756831,.,-,.,2467
vnz_16915,179.68926,4.542701,0.471998,9.6244068,6.31e-22,5e-20,CP018074.1,3751720,3751721,TSS_05257,43,+,CP018074.1,Genbank,gene,3756073,3756831,.,-,.,4352
vnz_16915,179.68926,4.542701,0.471998,9.6244068,6.31e-22,5e-20,CP018074.1,3755749,3755750,TSS_05272,101,+,CP018074.1,Genbank,gene,3756073,3756831,.,-,.,323
vnz_16915,179.68926,4.542701,0.471998,9.6244068,6.31e-22,5e-20,CP018074.1,3753701,3753702,TSS_05264,717,+,CP018074.1,Genbank,gene,3756073,3756831,.,-,.,2371
vnz_17080,53.405881,4.8304452,0.7992994,6.0433486,1.51e-09,2.52e-08,CP018074.1,3782341,3782342,TSS_05298,40,+,CP018074.1,Genbank,gene,3783395,3784801,.,-,.,1053
vnz_17080,53.405881,4.8304452,0.7992994,6.0433486,1.51e-09,2.52e-08,CP018074.1,3782364,3782365,TSS_05300,110416,+,CP018074.1,Genbank,gene,3783395,3784801,.,-,.,1030
vnz_17080,53.405881,4.8304452,0.7992994,6.0433486,1.51e-09,2.52e-08,CP018074.1,3782382,3782383,TSS_05306,1791,+,CP018074.1,Genbank,gene,3783395,3784801,.,-,.,1012
vnz_17080,53.405881,4.8304452,0.7992994,6.0433486,1.51e-09,2.52e-08,CP018074.1,3779374,3779375,TSS_05296,106,+,CP018074.1,Genbank,gene,3783395,3784801,.,-,.,4020
vnz_17080,53.405881,4.8304452,0.7992994,6.0433486,1.51e-09,2.52e-08,CP018074.1,3779268,3779269,TSS_05294,26741,+,CP018074.1,Genbank,gene,3783395,3784801,.,-,.,4126
vnz_17080,53.405881,4.8304452,0.7992994,6.0433486,1.51e-09,2.52e-08,CP018074.1,3782822,3782823,TSS_05316,1087,+,CP018074.1,Genbank,gene,3783395,3784801,.,-,.,572
vnz_17080,53.405881,4.8304452,0.7992994,6.0433486,1.51e-09,2.52e-08,CP018074.1,3782436,3782437,TSS_05310,85,+,CP018074.1,Genbank,gene,3783395,3784801,.,-,.,958
vnz_17080,53.405881,4.8304452,0.7992994,6.0433486,1.51e-09,2.52e-08,CP018074.1,3782412,3782413,TSS_05308,101,+,CP018074.1,Genbank,gene,3783395,3784801,.,-,.,982
vnz_17080,53.405881,4.8304452,0.7992994,6.0433486,1.51e-09,2.52e-08,CP018074.1,3779399,3779400,TSS_05297,60,+,CP018074.1,Genbank,gene,3783395,3784801,.,-,.,3995
vnz_17080,53.405881,4.8304452,0.7992994,6.0433486,1.51e-09,2.52e-08,CP018074.1,3782398,3782399,TSS_05307,145,+,CP018074.1,Genbank,gene,3783395,3784801,.,-,.,996
vnz_17080,53.405881,4.8304452,0.7992994,6.0433486,1.51e-09,2.52e-08,CP018074.1,3782636,3782637,TSS_05313,40,+,CP018074.1,Genbank,gene,3783395,3784801,.,-,.,758
vnz_17080,53.405881,4.8304452,0.7992994,6.0433486,1.51e-09,2.52e-08,CP018074.1,3782624,3782625,TSS_05312,177,+,CP018074.1,Genbank,gene,3783395,3784801,.,-,.,770
vnz_17435,205.59126,6.8605685,0.9039613,7.5894492,3.21e-14,1.04e-12,CP018074.1,3848349,3848350,TSS_05371,40,-,CP018074.1,Genbank,gene,3848243,3848677,.,+,.,1
vnz_17470,625.26442,-4.2203431,0.928963,-4.5430689,5.54e-06,5.21e-05,CP018074.1,3848242,3848243,TSS_05370,58,+,CP018074.1,Genbank,gene,3855203,3857254,.,-,.,6960
vnz_17470,625.26442,-4.2203431,0.928963,-4.5430689,5.54e-06,5.21e-05,CP018074.1,3850184,3850185,TSS_05372,42,+,CP018074.1,Genbank,gene,3855203,3857254,.,-,.,5018
vnz_17470,625.26442,-4.2203431,0.928963,-4.5430689,5.54e-06,5.21e-05,CP018074.1,3847398,3847399,TSS_05369,157,+,CP018074.1,Genbank,gene,3855203,3857254,.,-,.,7804
vnz_17750,468.13621,3.8881918,0.4097753,9.4885939,2.34e-21,1.75e-19,CP018074.1,3928436,3928437,TSS_05469,128,-,CP018074.1,Genbank,gene,3923886,3925583,.,+,.,2854
vnz_17750,468.13621,3.8881918,0.4097753,9.4885939,2.34e-21,1.75e-19,CP018074.1,3926376,3926377,TSS_05468,577,-,CP018074.1,Genbank,gene,3923886,3925583,.,+,.,794
vnz_17915,163.71486,6.8394231,0.6890038,9.9265393,3.19e-23,2.97e-21,CP018074.1,3956207,3956208,TSS_05541,65,+,CP018074.1,Genbank,gene,3957169,3957555,.,-,.,961
vnz_17915,163.71486,6.8394231,0.6890038,9.9265393,3.19e-23,2.97e-21,CP018074.1,3956228,3956229,TSS_05542,216,+,CP018074.1,Genbank,gene,3957169,3957555,.,-,.,940
vnz_18410,51.886199,2.3791647,0.5250994,4.5308844,5.87e-06,5.48e-05,CP018074.1,4070890,4070891,TSS_06024,147,-,CP018074.1,Genbank,gene,4069008,4069640,.,+,.,1251
vnz_18410,51.886199,2.3791647,0.5250994,4.5308844,5.87e-06,5.48e-05,CP018074.1,4072688,4072689,TSS_06029,54,-,CP018074.1,Genbank,gene,4069008,4069640,.,+,.,3049
vnz_18410,51.886199,2.3791647,0.5250994,4.5308844,5.87e-06,5.48e-05,CP018074.1,4071671,4071672,TSS_06027,2196,-,CP018074.1,Genbank,gene,4069008,4069640,.,+,.,2032
vnz_18410,51.886199,2.3791647,0.5250994,4.5308844,5.87e-06,5.48e-05,CP018074.1,4069721,4069722,TSS_06022,59,-,CP018074.1,Genbank,gene,4069008,4069640,.,+,.,82
vnz_18530,121.78304,4.1011065,0.4349548,9.4288108,4.15e-21,2.9e-19,CP018074.1,4094102,4094103,TSS_06055,60,-,CP018074.1,Genbank,gene,4092887,4093708,.,+,.,395
vnz_18620,64.560577,6.7625006,0.8753738,7.7252722,1.12e-14,3.86e-13,CP018074.1,4111158,4111159,TSS_06068,36,+,CP018074.1,Genbank,gene,4111292,4112137,.,-,.,133
vnz_18620,64.560577,6.7625006,0.8753738,7.7252722,1.12e-14,3.86e-13,CP018074.1,4112135,4112136,TSS_06070,75,+,CP018074.1,Genbank,gene,4111292,4112137,.,-,.,1
vnz_18620,64.560577,6.7625006,0.8753738,7.7252722,1.12e-14,3.86e-13,CP018074.1,4111339,4111340,TSS_06069,73,+,CP018074.1,Genbank,gene,4111292,4112137,.,-,.,1
vnz_18665,163.47187,6.0235304,0.8144692,7.3956514,1.41e-13,4.36e-12,CP018074.1,4117530,4117531,TSS_06088,32,-,CP018074.1,Genbank,gene,4117037,4118632,.,+,.,1
vnz_18835,150.73195,-2.9631722,0.3427703,-8.6447762,5.39e-18,2.83e-16,CP018074.1,4156683,4156684,TSS_06131,91,-,CP018074.1,Genbank,gene,4151316,4152224,.,+,.,4460
vnz_18835,150.73195,-2.9631722,0.3427703,-8.6447762,5.39e-18,2.83e-16,CP018074.1,4157696,4157697,TSS_06145,31,-,CP018074.1,Genbank,gene,4151316,4152224,.,+,.,5473
vnz_18835,150.73195,-2.9631722,0.3427703,-8.6447762,5.39e-18,2.83e-16,CP018074.1,4157238,4157239,TSS_06133,1951,-,CP018074.1,Genbank,gene,4151316,4152224,.,+,.,5015
vnz_18835,150.73195,-2.9631722,0.3427703,-8.6447762,5.39e-18,2.83e-16,CP018074.1,4157217,4157218,TSS_06132,104,-,CP018074.1,Genbank,gene,4151316,4152224,.,+,.,4994
vnz_18880,187.55022,-4.5818003,0.4023696,-11.387045,4.85e-30,9.57e-28,CP018074.1,4157696,4157697,TSS_06145,31,-,CP018074.1,Genbank,gene,4157496,4157741,.,+,.,1
vnz_18905,513.46124,2.2671564,0.6059539,3.7414667,0.0001829,0.0012691,CP018074.1,4158571,4158572,TSS_06146,42,+,CP018074.1,Genbank,gene,4162157,4162561,.,-,.,3585
vnz_18905,513.46124,2.2671564,0.6059539,3.7414667,0.0001829,0.0012691,CP018074.1,4157448,4157449,TSS_06139,394,+,CP018074.1,Genbank,gene,4162157,4162561,.,-,.,4708
vnz_18905,513.46124,2.2671564,0.6059539,3.7414667,0.0001829,0.0012691,CP018074.1,4157420,4157421,TSS_06136,97,+,CP018074.1,Genbank,gene,4162157,4162561,.,-,.,4736
vnz_18905,513.46124,2.2671564,0.6059539,3.7414667,0.0001829,0.0012691,CP018074.1,4157553,4157554,TSS_06144,43,+,CP018074.1,Genbank,gene,4162157,4162561,.,-,.,4603
vnz_18905,513.46124,2.2671564,0.6059539,3.7414667,0.0001829,0.0012691,CP018074.1,4157253,4157254,TSS_06135,74,+,CP018074.1,Genbank,gene,4162157,4162561,.,-,.,4903
vnz_18905,513.46124,2.2671564,0.6059539,3.7414667,0.0001829,0.0012691,CP018074.1,4157463,4157464,TSS_06141,21077,+,CP018074.1,Genbank,gene,4162157,4162561,.,-,.,4693
vnz_18920,649.03448,-3.0353899,0.3805442,-7.9764444,1.51e-15,5.66e-14,CP018074.1,4164852,4164853,TSS_06156,36,-,CP018074.1,Genbank,gene,4164610,4166136,.,+,.,1
vnz_18925,365.22159,-3.4737028,0.401276,-8.6566432,4.86e-18,2.57e-16,CP018074.1,4167866,4167867,TSS_06168,6525,-,CP018074.1,Genbank,gene,4166180,4167259,.,+,.,608
vnz_18925,365.22159,-3.4737028,0.401276,-8.6566432,4.86e-18,2.57e-16,CP018074.1,4167795,4167796,TSS_06167,2216,-,CP018074.1,Genbank,gene,4166180,4167259,.,+,.,537
vnz_18925,365.22159,-3.4737028,0.401276,-8.6566432,4.86e-18,2.57e-16,CP018074.1,4167771,4167772,TSS_06163,12553,-,CP018074.1,Genbank,gene,4166180,4167259,.,+,.,513
vnz_18925,365.22159,-3.4737028,0.401276,-8.6566432,4.86e-18,2.57e-16,CP018074.1,4169166,4169167,TSS_06172,27043,-,CP018074.1,Genbank,gene,4166180,4167259,.,+,.,1908
vnz_18935,565.01372,3.2212697,0.2843256,11.329512,9.37e-30,1.79e-27,CP018074.1,4167588,4167589,TSS_06162,73,+,CP018074.1,Genbank,gene,4168011,4169102,.,-,.,422
vnz_18935,565.01372,3.2212697,0.2843256,11.329512,9.37e-30,1.79e-27,CP018074.1,4168110,4168111,TSS_06170,66,+,CP018074.1,Genbank,gene,4168011,4169102,.,-,.,1
vnz_18935,565.01372,3.2212697,0.2843256,11.329512,9.37e-30,1.79e-27,CP018074.1,4167496,4167497,TSS_06161,178,+,CP018074.1,Genbank,gene,4168011,4169102,.,-,.,514
vnz_19250,455.94871,-4.5051221,0.9384296,-4.8007032,1.58e-06,1.64e-05,CP018074.1,4239699,4239700,TSS_06422,71,+,CP018074.1,Genbank,gene,4241517,4242293,.,-,.,1817
vnz_19250,455.94871,-4.5051221,0.9384296,-4.8007032,1.58e-06,1.64e-05,CP018074.1,4239760,4239761,TSS_06425,1067,+,CP018074.1,Genbank,gene,4241517,4242293,.,-,.,1756
vnz_19250,455.94871,-4.5051221,0.9384296,-4.8007032,1.58e-06,1.64e-05,CP018074.1,4239418,4239419,TSS_06417,76,+,CP018074.1,Genbank,gene,4241517,4242293,.,-,.,2098
vnz_19250,455.94871,-4.5051221,0.9384296,-4.8007032,1.58e-06,1.64e-05,CP018074.1,4240890,4240891,TSS_06428,99,+,CP018074.1,Genbank,gene,4241517,4242293,.,-,.,626
vnz_19250,455.94871,-4.5051221,0.9384296,-4.8007032,1.58e-06,1.64e-05,CP018074.1,4241582,4241583,TSS_06430,42,+,CP018074.1,Genbank,gene,4241517,4242293,.,-,.,1
vnz_19250,455.94871,-4.5051221,0.9384296,-4.8007032,1.58e-06,1.64e-05,CP018074.1,4239719,4239720,TSS_06424,836,+,CP018074.1,Genbank,gene,4241517,4242293,.,-,.,1797
vnz_19255,359.04992,-5.2486469,1.0262873,-5.1142081,3.15e-07,3.65e-06,CP018074.1,4241582,4241583,TSS_06430,42,+,CP018074.1,Genbank,gene,4242323,4243396,.,-,.,740
vnz_19375,281.25166,-4.4701918,0.4195806,-10.653953,1.67e-26,2.17e-24,CP018074.1,4268197,4268198,TSS_06468,33,-,CP018074.1,Genbank,gene,4267334,4268179,.,+,.,19
vnz_19575,513.00535,-4.0104312,0.9556583,-4.1965118,2.71e-05,0.000225,CP018074.1,4301536,4301537,TSS_06501,214,+,CP018074.1,Genbank,gene,4302429,4303109,.,-,.,892
vnz_19580,360.28496,-3.4139437,0.6605088,-5.1686572,2.36e-07,2.77e-06,CP018074.1,4304125,4304126,TSS_06506,62,-,CP018074.1,Genbank,gene,4303385,4304614,.,+,.,1
vnz_19585,233.33577,-3.4325666,0.6367919,-5.3904053,7.03e-08,9.26e-07,CP018074.1,4307020,4307021,TSS_06519,362,-,CP018074.1,Genbank,gene,4304611,4305291,.,+,.,1730
vnz_19585,233.33577,-3.4325666,0.6367919,-5.3904053,7.03e-08,9.26e-07,CP018074.1,4306090,4306091,TSS_06512,3760,-,CP018074.1,Genbank,gene,4304611,4305291,.,+,.,800
vnz_19620,159.28309,3.4333683,0.4060783,8.4549409,2.79e-17,1.28e-15,CP018074.1,4316064,4316065,TSS_06535,1008,-,CP018074.1,Genbank,gene,4311733,4313283,.,+,.,2782
vnz_19620,159.28309,3.4333683,0.4060783,8.4549409,2.79e-17,1.28e-15,CP018074.1,4314140,4314141,TSS_06532,287,-,CP018074.1,Genbank,gene,4311733,4313283,.,+,.,858
vnz_19620,159.28309,3.4333683,0.4060783,8.4549409,2.79e-17,1.28e-15,CP018074.1,4314660,4314661,TSS_06533,33,-,CP018074.1,Genbank,gene,4311733,4313283,.,+,.,1378
vnz_19990,266.89085,-2.8902411,0.4477135,-6.4555596,1.08e-10,2.2e-09,CP018074.1,4384308,4384309,TSS_06617,47,-,CP018074.1,Genbank,gene,4384175,4384378,.,+,.,1
vnz_19990,266.89085,-2.8902411,0.4477135,-6.4555596,1.08e-10,2.2e-09,CP018074.1,4384319,4384320,TSS_06619,35,-,CP018074.1,Genbank,gene,4384175,4384378,.,+,.,1
vnz_19990,266.89085,-2.8902411,0.4477135,-6.4555596,1.08e-10,2.2e-09,CP018074.1,4385731,4385732,TSS_06642,53,-,CP018074.1,Genbank,gene,4384175,4384378,.,+,.,1354
vnz_19990,266.89085,-2.8902411,0.4477135,-6.4555596,1.08e-10,2.2e-09,CP018074.1,4385614,4385615,TSS_06640,40,-,CP018074.1,Genbank,gene,4384175,4384378,.,+,.,1237
vnz_19990,266.89085,-2.8902411,0.4477135,-6.4555596,1.08e-10,2.2e-09,CP018074.1,4385855,4385856,TSS_06645,39,-,CP018074.1,Genbank,gene,4384175,4384378,.,+,.,1478
vnz_19990,266.89085,-2.8902411,0.4477135,-6.4555596,1.08e-10,2.2e-09,CP018074.1,4385183,4385184,TSS_06629,32,-,CP018074.1,Genbank,gene,4384175,4384378,.,+,.,806
vnz_19990,266.89085,-2.8902411,0.4477135,-6.4555596,1.08e-10,2.2e-09,CP018074.1,4386065,4386066,TSS_06647,40,-,CP018074.1,Genbank,gene,4384175,4384378,.,+,.,1688
vnz_20180,71.636689,3.0585287,0.5924683,5.1623501,2.44e-07,2.86e-06,CP018074.1,4432350,4432351,TSS_06672,135,+,CP018074.1,Genbank,gene,4431486,4432400,.,-,.,1
vnz_20180,71.636689,3.0585287,0.5924683,5.1623501,2.44e-07,2.86e-06,CP018074.1,4430672,4430673,TSS_06671,41,+,CP018074.1,Genbank,gene,4431486,4432400,.,-,.,813
vnz_20180,71.636689,3.0585287,0.5924683,5.1623501,2.44e-07,2.86e-06,CP018074.1,4422647,4422648,TSS_06669,34,+,CP018074.1,Genbank,gene,4431486,4432400,.,-,.,8838
vnz_20180,71.636689,3.0585287,0.5924683,5.1623501,2.44e-07,2.86e-06,CP018074.1,4432393,4432394,TSS_06673,264,+,CP018074.1,Genbank,gene,4431486,4432400,.,-,.,1
vnz_20855,292.51049,-5.7192802,1.0861866,-5.2654674,1.4e-07,1.74e-06,CP018074.1,4568312,4568313,TSS_06810,35,+,CP018074.1,Genbank,gene,4568435,4569772,.,-,.,122
vnz_20855,292.51049,-5.7192802,1.0861866,-5.2654674,1.4e-07,1.74e-06,CP018074.1,4565226,4565227,TSS_06808,49,+,CP018074.1,Genbank,gene,4568435,4569772,.,-,.,3208
vnz_21060,123.46602,3.0142586,0.4997069,6.0320528,1.62e-09,2.69e-08,CP018074.1,4616700,4616701,TSS_06864,86,-,CP018074.1,Genbank,gene,4615546,4616100,.,+,.,601
vnz_21065,96.827179,2.7321668,0.4889606,5.5877038,2.3e-08,3.22e-07,CP018074.1,4616700,4616701,TSS_06864,86,-,CP018074.1,Genbank,gene,4616097,4616828,.,+,.,1
vnz_21075,99.676539,3.7916847,0.5690494,6.6631912,2.68e-11,6.1e-10,CP018074.1,4619239,4619240,TSS_06866,69,-,CP018074.1,Genbank,gene,4618147,4618887,.,+,.,353
vnz_21080,215.27969,4.1111159,0.4814957,8.5382196,1.36e-17,6.88e-16,CP018074.1,4619239,4619240,TSS_06866,69,-,CP018074.1,Genbank,gene,4618887,4620236,.,+,.,1
vnz_21150,91.751044,3.9208556,0.560712,6.9926376,2.7e-12,7.08e-11,CP018074.1,4634715,4634716,TSS_06872,205,+,CP018074.1,Genbank,gene,4636187,4638187,.,-,.,1471
vnz_21565,130.2086,-5.2089456,0.5973496,-8.7200953,2.78e-18,1.52e-16,CP018074.1,4719853,4719854,TSS_07405,50,+,CP018074.1,Genbank,gene,4719521,4720126,.,-,.,1
vnz_21830,54.970361,-2.5291414,0.4672511,-5.4128094,6.2e-08,8.19e-07,CP018074.1,4758571,4758572,TSS_10226,83,-,CP018074.1,Genbank,gene,4757759,4758529,.,+,.,43
vnz_21830,54.970361,-2.5291414,0.4672511,-5.4128094,6.2e-08,8.19e-07,CP018074.1,4758443,4758444,TSS_10223,32,-,CP018074.1,Genbank,gene,4757759,4758529,.,+,.,1
vnz_22025,68.886346,6.6542546,0.8342001,7.976809,1.5e-15,5.66e-14,CP018074.1,4793690,4793691,TSS_10283,3830,+,CP018074.1,Genbank,gene,4794934,4796175,.,-,.,1243
vnz_22025,68.886346,6.6542546,0.8342001,7.976809,1.5e-15,5.66e-14,CP018074.1,4791160,4791161,TSS_10274,523,+,CP018074.1,Genbank,gene,4794934,4796175,.,-,.,3773
vnz_22025,68.886346,6.6542546,0.8342001,7.976809,1.5e-15,5.66e-14,CP018074.1,4790272,4790273,TSS_10271,547,+,CP018074.1,Genbank,gene,4794934,4796175,.,-,.,4661
vnz_22025,68.886346,6.6542546,0.8342001,7.976809,1.5e-15,5.66e-14,CP018074.1,4790319,4790320,TSS_10272,313,+,CP018074.1,Genbank,gene,4794934,4796175,.,-,.,4614
vnz_22025,68.886346,6.6542546,0.8342001,7.976809,1.5e-15,5.66e-14,CP018074.1,4790360,4790361,TSS_10273,97,+,CP018074.1,Genbank,gene,4794934,4796175,.,-,.,4573
vnz_22025,68.886346,6.6542546,0.8342001,7.976809,1.5e-15,5.66e-14,CP018074.1,4792076,4792077,TSS_10277,6230,+,CP018074.1,Genbank,gene,4794934,4796175,.,-,.,2857
vnz_22100,491.94197,3.9622945,0.4452809,8.898415,5.66e-19,3.23e-17,CP018074.1,4818623,4818624,TSS_10309,103,+,CP018074.1,Genbank,gene,4819561,4820676,.,-,.,937
vnz_22100,491.94197,3.9622945,0.4452809,8.898415,5.66e-19,3.23e-17,CP018074.1,4818748,4818749,TSS_10310,162,+,CP018074.1,Genbank,gene,4819561,4820676,.,-,.,812
vnz_22170,348.5405,4.5873321,0.4479077,10.24169,1.29e-24,1.53e-22,CP018074.1,4837507,4837508,TSS_10331,42,+,CP018074.1,Genbank,gene,4838792,4840144,.,-,.,1284
vnz_22170,348.5405,4.5873321,0.4479077,10.24169,1.29e-24,1.53e-22,CP018074.1,4830850,4830851,TSS_10322,2229,+,CP018074.1,Genbank,gene,4838792,4840144,.,-,.,7941
vnz_22170,348.5405,4.5873321,0.4479077,10.24169,1.29e-24,1.53e-22,CP018074.1,4838318,4838319,TSS_10334,43,+,CP018074.1,Genbank,gene,4838792,4840144,.,-,.,473
vnz_22170,348.5405,4.5873321,0.4479077,10.24169,1.29e-24,1.53e-22,CP018074.1,4831516,4831517,TSS_10324,42,+,CP018074.1,Genbank,gene,4838792,4840144,.,-,.,7275
vnz_22170,348.5405,4.5873321,0.4479077,10.24169,1.29e-24,1.53e-22,CP018074.1,4836491,4836492,TSS_10327,14758,+,CP018074.1,Genbank,gene,4838792,4840144,.,-,.,2300
vnz_22465,87.683712,-2.6653734,0.7927204,-3.3623121,0.0007729,0.0045805,CP018074.1,4895970,4895971,TSS_10418,140,+,CP018074.1,Genbank,gene,4897557,4898900,.,-,.,1586
vnz_22465,87.683712,-2.6653734,0.7927204,-3.3623121,0.0007729,0.0045805,CP018074.1,4894301,4894302,TSS_10417,52,+,CP018074.1,Genbank,gene,4897557,4898900,.,-,.,3255
vnz_22510,174.73041,2.6146653,0.3634347,7.1943193,6.28e-13,1.82e-11,CP018074.1,4911160,4911161,TSS_10428,37,-,CP018074.1,Genbank,gene,4909279,4910397,.,+,.,764
vnz_22515,208.98763,2.57023,0.3898305,6.5931991,4.3e-11,9.27e-10,CP018074.1,4911160,4911161,TSS_10428,37,-,CP018074.1,Genbank,gene,4910394,4911656,.,+,.,1
vnz_22660,329.05725,2.7918938,0.2920269,9.5603999,1.17e-21,8.98e-20,CP018074.1,4933650,4933651,TSS_10494,2174,+,CP018074.1,Genbank,gene,4936820,4938472,.,-,.,3169
vnz_22680,1019.3252,2.0231486,0.3792833,5.3341364,9.6e-08,1.24e-06,CP018074.1,4945674,4945675,TSS_10515,1073,-,CP018074.1,Genbank,gene,4942163,4943089,.,+,.,2586
vnz_22680,1019.3252,2.0231486,0.3792833,5.3341364,9.6e-08,1.24e-06,CP018074.1,4945567,4945568,TSS_10509,14995,-,CP018074.1,Genbank,gene,4942163,4943089,.,+,.,2479
vnz_22680,1019.3252,2.0231486,0.3792833,5.3341364,9.6e-08,1.24e-06,CP018074.1,4945698,4945699,TSS_10517,641,-,CP018074.1,Genbank,gene,4942163,4943089,.,+,.,2610
vnz_22745,123.88971,-4.9503152,0.3747806,-13.208569,7.83e-40,3.64e-37,CP018074.1,4957993,4957994,TSS_10534,506,-,CP018074.1,Genbank,gene,4956064,4957605,.,+,.,389
vnz_22870,413.10728,7.2389655,0.4954414,14.611142,2.38e-48,2.59e-45,CP018074.1,4980019,4980020,TSS_10576,6019,+,CP018074.1,Genbank,gene,4982472,4982879,.,-,.,2452
vnz_22870,413.10728,7.2389655,0.4954414,14.611142,2.38e-48,2.59e-45,CP018074.1,4979103,4979104,TSS_10571,4183,+,CP018074.1,Genbank,gene,4982472,4982879,.,-,.,3368
vnz_22870,413.10728,7.2389655,0.4954414,14.611142,2.38e-48,2.59e-45,CP018074.1,4980373,4980374,TSS_10578,442,+,CP018074.1,Genbank,gene,4982472,4982879,.,-,.,2098
vnz_22885,380.84865,8.3651884,0.6584661,12.704053,5.61e-37,2.15e-34,CP018074.1,4984817,4984818,TSS_10581,40,+,CP018074.1,Genbank,gene,4984409,4984819,.,-,.,1
vnz_22885,380.84865,8.3651884,0.6584661,12.704053,5.61e-37,2.15e-34,CP018074.1,4984111,4984112,TSS_10579,46,+,CP018074.1,Genbank,gene,4984409,4984819,.,-,.,297
vnz_22990,123.67884,4.6500058,0.6871761,6.7668328,1.32e-11,3.11e-10,CP018074.1,5001880,5001881,TSS_10584,46,+,CP018074.1,Genbank,gene,5005802,5006668,.,-,.,3921
vnz_23315,96.669131,-2.1593195,0.4093804,-5.2746044,1.33e-07,1.67e-06,CP018074.1,5079244,5079245,TSS_10673,74,-,CP018074.1,Genbank,gene,5074806,5075330,.,+,.,3915
vnz_23315,96.669131,-2.1593195,0.4093804,-5.2746044,1.33e-07,1.67e-06,CP018074.1,5076166,5076167,TSS_10668,195,-,CP018074.1,Genbank,gene,5074806,5075330,.,+,.,837
vnz_23315,96.669131,-2.1593195,0.4093804,-5.2746044,1.33e-07,1.67e-06,CP018074.1,5077755,5077756,TSS_10670,1602,-,CP018074.1,Genbank,gene,5074806,5075330,.,+,.,2426
vnz_23315,96.669131,-2.1593195,0.4093804,-5.2746044,1.33e-07,1.67e-06,CP018074.1,5076102,5076103,TSS_10666,2936,-,CP018074.1,Genbank,gene,5074806,5075330,.,+,.,773
vnz_23335,64.964678,2.9142184,0.5411268,5.385463,7.23e-08,9.5e-07,CP018074.1,5079023,5079024,TSS_10672,48,+,CP018074.1,Genbank,gene,5077875,5079245,.,-,.,1
vnz_23475,130.1496,4.31353,0.7826719,5.511288,3.56e-08,4.86e-07,CP018074.1,5103510,5103511,TSS_10717,37593,+,CP018074.1,Genbank,gene,5107586,5108293,.,-,.,4075
vnz_23475,130.1496,4.31353,0.7826719,5.511288,3.56e-08,4.86e-07,CP018074.1,5104931,5104932,TSS_10722,51,+,CP018074.1,Genbank,gene,5107586,5108293,.,-,.,2654
vnz_23475,130.1496,4.31353,0.7826719,5.511288,3.56e-08,4.86e-07,CP018074.1,5104833,5104834,TSS_10721,457,+,CP018074.1,Genbank,gene,5107586,5108293,.,-,.,2752
vnz_23475,130.1496,4.31353,0.7826719,5.511288,3.56e-08,4.86e-07,CP018074.1,5102096,5102097,TSS_10714,703,+,CP018074.1,Genbank,gene,5107586,5108293,.,-,.,5489
vnz_23475,130.1496,4.31353,0.7826719,5.511288,3.56e-08,4.86e-07,CP018074.1,5102017,5102018,TSS_10713,51,+,CP018074.1,Genbank,gene,5107586,5108293,.,-,.,5568
vnz_23555,283.49026,7.8437748,0.7568849,10.363234,3.64e-25,4.47e-23,CP018074.1,5129855,5129856,TSS_10766,36,-,CP018074.1,Genbank,gene,5129123,5130751,.,+,.,1
vnz_23560,55.90556,7.4123611,1.1675664,6.3485563,2.17e-10,4.2e-09,CP018074.1,5132677,5132678,TSS_10767,32,-,CP018074.1,Genbank,gene,5130833,5131756,.,+,.,922
vnz_23650,71.703582,4.6645763,0.5960794,7.8254275,5.06e-15,1.79e-13,CP018074.1,5145760,5145761,TSS_10783,51,+,CP018074.1,Genbank,gene,5147599,5148060,.,-,.,1838
vnz_23650,71.703582,4.6645763,0.5960794,7.8254275,5.06e-15,1.79e-13,CP018074.1,5145942,5145943,TSS_10788,12598,+,CP018074.1,Genbank,gene,5147599,5148060,.,-,.,1656
vnz_23650,71.703582,4.6645763,0.5960794,7.8254275,5.06e-15,1.79e-13,CP018074.1,5145888,5145889,TSS_10784,67,+,CP018074.1,Genbank,gene,5147599,5148060,.,-,.,1710
vnz_23865,1021.0543,5.2189882,0.3942941,13.236283,5.42e-40,2.71e-37,CP018074.1,5193922,5193923,TSS_10869,34,-,CP018074.1,Genbank,gene,5192055,5192792,.,+,.,1131
vnz_23865,1021.0543,5.2189882,0.3942941,13.236283,5.42e-40,2.71e-37,CP018074.1,5193788,5193789,TSS_10866,79,-,CP018074.1,Genbank,gene,5192055,5192792,.,+,.,997
vnz_24375,60.506941,3.6788946,0.7539256,4.8796517,1.06e-06,1.12e-05,CP018074.1,5307033,5307034,TSS_11012,55,-,CP018074.1,Genbank,gene,5306076,5306825,.,+,.,209
vnz_24720,99.964242,5.8503756,0.9388383,6.231505,4.62e-10,8.33e-09,CP018074.1,5384968,5384969,TSS_11099,45,-,CP018074.1,Genbank,gene,5383756,5384796,.,+,.,173
vnz_24920,196.14339,4.2403978,0.4250691,9.9757854,1.95e-23,1.86e-21,CP018074.1,5423442,5423443,TSS_11284,93,+,CP018074.1,Genbank,gene,5424076,5425110,.,-,.,633
vnz_24920,196.14339,4.2403978,0.4250691,9.9757854,1.95e-23,1.86e-21,CP018074.1,5423670,5423671,TSS_11288,75,+,CP018074.1,Genbank,gene,5424076,5425110,.,-,.,405
vnz_24920,196.14339,4.2403978,0.4250691,9.9757854,1.95e-23,1.86e-21,CP018074.1,5423462,5423463,TSS_11287,61,+,CP018074.1,Genbank,gene,5424076,5425110,.,-,.,613
vnz_24920,196.14339,4.2403978,0.4250691,9.9757854,1.95e-23,1.86e-21,CP018074.1,5423455,5423456,TSS_11285,622,+,CP018074.1,Genbank,gene,5424076,5425110,.,-,.,620
vnz_25025,59.24519,3.7645728,0.994239,3.7863863,0.0001529,0.0010835,CP018074.1,5446951,5446952,TSS_11334,35,-,CP018074.1,Genbank,gene,5445938,5447902,.,+,.,1
vnz_25025,59.24519,3.7645728,0.994239,3.7863863,0.0001529,0.0010835,CP018074.1,5447217,5447218,TSS_11335,46,-,CP018074.1,Genbank,gene,5445938,5447902,.,+,.,1
vnz_25055,314.1631,3.4526835,0.4128311,8.3634278,6.09e-17,2.72e-15,CP018074.1,5455177,5455178,TSS_11343,39,-,CP018074.1,Genbank,gene,5452423,5454123,.,+,.,1055
vnz_25140,128.99264,3.7846816,0.5268038,7.1842331,6.76e-13,1.94e-11,CP018074.1,5477415,5477416,TSS_11364,112,-,CP018074.1,Genbank,gene,5473806,5475212,.,+,.,2204
vnz_25230,115.98504,2.9517076,0.5140242,5.7423516,9.34e-09,1.4e-07,CP018074.1,5502825,5502826,TSS_11374,76,-,CP018074.1,Genbank,gene,5498002,5500575,.,+,.,2251
vnz_25280,74.356043,-2.4548228,0.3921984,-6.2591344,3.87e-10,7.1e-09,CP018074.1,5521697,5521698,TSS_11383,33,-,CP018074.1,Genbank,gene,5520479,5521732,.,+,.,1
vnz_25430,103.66094,-2.3378868,0.3568533,-6.5513951,5.7e-11,1.21e-09,CP018074.1,5556908,5556909,TSS_11407,67,+,CP018074.1,Genbank,gene,5556110,5557234,.,-,.,1
vnz_25950,1449.469,2.7615789,0.3143772,8.7842863,1.57e-18,8.75e-17,CP018074.1,5675422,5675423,TSS_11545,139,-,CP018074.1,Genbank,gene,5673402,5674106,.,+,.,1317
vnz_26135,76.380789,2.7193475,0.6594284,4.123795,3.73e-05,0.0003012,CP018074.1,5705934,5705935,TSS_11614,58,+,CP018074.1,Genbank,gene,5714210,5714935,.,-,.,8275
vnz_26135,76.380789,2.7193475,0.6594284,4.123795,3.73e-05,0.0003012,CP018074.1,5710393,5710394,TSS_11617,2375,+,CP018074.1,Genbank,gene,5714210,5714935,.,-,.,3816
vnz_26135,76.380789,2.7193475,0.6594284,4.123795,3.73e-05,0.0003012,CP018074.1,5704078,5704079,TSS_11613,537,+,CP018074.1,Genbank,gene,5714210,5714935,.,-,.,10131
vnz_26135,76.380789,2.7193475,0.6594284,4.123795,3.73e-05,0.0003012,CP018074.1,5704072,5704073,TSS_11612,297,+,CP018074.1,Genbank,gene,5714210,5714935,.,-,.,10137
vnz_27040,276.85687,2.4385672,0.4795931,5.0846584,3.68e-07,4.23e-06,CP018074.1,5924633,5924634,TSS_12325,2701,+,CP018074.1,Genbank,gene,5928193,5928525,.,-,.,3559
vnz_27205,428.73716,4.2019267,0.3142464,13.371438,8.88e-41,4.82e-38,CP018074.1,5974207,5974208,TSS_12399,37,-,CP018074.1,Genbank,gene,5972752,5973618,.,+,.,590
vnz_28735,154.32205,2.9032195,0.4617902,6.2868793,3.24e-10,5.99e-09,CP018074.1,6317907,6317908,TSS_12669,33,+,CP018074.1,Genbank,gene,6323147,6324676,.,-,.,5239
vnz_28735,154.32205,2.9032195,0.4617902,6.2868793,3.24e-10,5.99e-09,CP018074.1,6319568,6319569,TSS_12672,443,+,CP018074.1,Genbank,gene,6323147,6324676,.,-,.,3578
vnz_28745,732.31231,-2.1488601,0.3588558,-5.9880872,2.12e-09,3.47e-08,CP018074.1,6329173,6329174,TSS_12685,928,-,CP018074.1,Genbank,gene,6325358,6328075,.,+,.,1099
vnz_28745,732.31231,-2.1488601,0.3588558,-5.9880872,2.12e-09,3.47e-08,CP018074.1,6327424,6327425,TSS_12682,34,-,CP018074.1,Genbank,gene,6325358,6328075,.,+,.,1
vnz_28915,177.8558,-2.7796613,0.5471651,-5.0801146,3.77e-07,4.32e-06,CP018074.1,6370561,6370562,TSS_12728,51,+,CP018074.1,Genbank,gene,6370555,6370995,.,-,.,1
vnz_28915,177.8558,-2.7796613,0.5471651,-5.0801146,3.77e-07,4.32e-06,CP018074.1,6370726,6370727,TSS_12740,33,+,CP018074.1,Genbank,gene,6370555,6370995,.,-,.,1
vnz_28920,395.13988,-2.5130176,0.8738892,-2.8756708,0.0040317,0.0183842,CP018074.1,6370726,6370727,TSS_12740,33,+,CP018074.1,Genbank,gene,6371031,6372584,.,-,.,304
vnz_28920,395.13988,-2.5130176,0.8738892,-2.8756708,0.0040317,0.0183842,CP018074.1,6370561,6370562,TSS_12728,51,+,CP018074.1,Genbank,gene,6371031,6372584,.,-,.,469
vnz_28945,195.45465,-2.6684803,0.5601826,-4.7635904,1.9e-06,1.94e-05,CP018074.1,6381314,6381315,TSS_12894,963,-,CP018074.1,Genbank,gene,6380025,6381305,.,+,.,10
vnz_29005,75.268223,2.2452277,0.5995817,3.7446566,0.0001806,0.0012558,CP018074.1,6391951,6391952,TSS_12910,106,+,CP018074.1,Genbank,gene,6393516,6394484,.,-,.,1564
vnz_29390,698.7082,5.0740681,0.4380406,11.583557,4.99e-31,1.12e-28,CP018074.1,6473009,6473010,TSS_12974,274,+,CP018074.1,Genbank,gene,6473487,6474617,.,-,.,477
vnz_29650,84.906499,-3.8391253,0.8108867,-4.7344781,2.2e-06,2.21e-05,CP018074.1,6505783,6505784,TSS_13015,201,+,CP018074.1,Genbank,gene,6529302,6529916,.,-,.,23518
vnz_29650,84.906499,-3.8391253,0.8108867,-4.7344781,2.2e-06,2.21e-05,CP018074.1,6524525,6524526,TSS_13017,107,+,CP018074.1,Genbank,gene,6529302,6529916,.,-,.,4776
vnz_29650,84.906499,-3.8391253,0.8108867,-4.7344781,2.2e-06,2.21e-05,CP018074.1,6504613,6504614,TSS_13013,595,+,CP018074.1,Genbank,gene,6529302,6529916,.,-,.,24688
vnz_29650,84.906499,-3.8391253,0.8108867,-4.7344781,2.2e-06,2.21e-05,CP018074.1,6504574,6504575,TSS_13012,43,+,CP018074.1,Genbank,gene,6529302,6529916,.,-,.,24727
vnz_29875,179.23781,4.0604931,0.3907701,10.391001,2.72e-25,3.41e-23,CP018074.1,6579386,6579387,TSS_13044,33,-,CP018074.1,Genbank,gene,6577917,6578735,.,+,.,652
vnz_29880,96.342415,3.883401,0.4031783,9.6319697,5.86e-22,4.71e-20,CP018074.1,6579386,6579387,TSS_13044,33,-,CP018074.1,Genbank,gene,6578828,6580870,.,+,.,1
vnz_30460,114.87981,4.155042,0.5423844,7.6606963,1.85e-14,6.14e-13,CP018074.1,6723880,6723881,TSS_13117,248,-,CP018074.1,Genbank,gene,6721408,6722421,.,+,.,1460
vnz_30460,114.87981,4.155042,0.5423844,7.6606963,1.85e-14,6.14e-13,CP018074.1,6724473,6724474,TSS_13119,34,-,CP018074.1,Genbank,gene,6721408,6722421,.,+,.,2053
vnz_30755,103.6242,2.3915095,0.4350647,5.4969059,3.87e-08,5.24e-07,CP018074.1,6787100,6787101,TSS_13134,167,+,CP018074.1,Genbank,gene,6788125,6789786,.,-,.,1024
vnz_31170,101.87252,2.206176,0.3750682,5.8820668,4.05e-09,6.32e-08,CP018074.1,6888922,6888923,TSS_13171,2211,+,CP018074.1,Genbank,gene,6896647,6897852,.,-,.,7724
vnz_31705,80.691735,2.430301,0.3975419,6.1133199,9.76e-10,1.68e-08,CP018074.1,7006979,7006980,TSS_13243,41,+,CP018074.1,Genbank,gene,7010450,7010902,.,-,.,3470
vnz_31705,80.691735,2.430301,0.3975419,6.1133199,9.76e-10,1.68e-08,CP018074.1,7006461,7006462,TSS_13241,1140,+,CP018074.1,Genbank,gene,7010450,7010902,.,-,.,3988
vnz_31740,563.56545,2.9948279,0.5178568,5.78312,7.33e-09,1.1e-07,CP018074.1,7020581,7020582,TSS_13253,2968,-,CP018074.1,Genbank,gene,7017909,7018430,.,+,.,2152
vnz_31740,563.56545,2.9948279,0.5178568,5.78312,7.33e-09,1.1e-07,CP018074.1,7019051,7019052,TSS_13249,576,-,CP018074.1,Genbank,gene,7017909,7018430,.,+,.,622
vnz_31740,563.56545,2.9948279,0.5178568,5.78312,7.33e-09,1.1e-07,CP018074.1,7021585,7021586,TSS_13255,71,-,CP018074.1,Genbank,gene,7017909,7018430,.,+,.,3156
vnz_32150,243.40622,3.7346249,0.7182382,5.1997026,2e-07,2.37e-06,CP018074.1,7121490,7121491,TSS_13301,39,-,CP018074.1,Genbank,gene,7119248,7120045,.,+,.,1446
vnz_32195,292.95297,5.827395,0.7559153,7.7090581,1.27e-14,4.32e-13,CP018074.1,7131119,7131120,TSS_13304,150,-,CP018074.1,Genbank,gene,7127523,7130084,.,+,.,1036
vnz_32475,650.29952,2.2107796,0.5113436,4.3234719,1.54e-05,0.0001338,CP018074.1,7195083,7195084,TSS_13338,43,-,CP018074.1,Genbank,gene,7191866,7194169,.,+,.,915
vnz_32830,74.92989,3.1367084,0.4956495,6.3284804,2.48e-10,4.71e-09,CP018074.1,7280896,7280897,TSS_13352,64,+,CP018074.1,Genbank,gene,7282025,7283194,.,-,.,1128
vnz_34370,79.686796,6.2395759,0.7920211,7.878043,3.33e-15,1.2e-13,CP018074.1,7618378,7618379,TSS_13472,151,+,CP018074.1,Genbank,gene,7628225,7629004,.,-,.,9846
vnz_34440,453.03441,2.9412213,0.4232577,6.9490079,3.68e-12,9.54e-11,CP018074.1,7634131,7634132,TSS_13476,34,+,CP018074.1,Genbank,gene,7643089,7643889,.,-,.,8957
vnz_34440,453.03441,2.9412213,0.4232577,6.9490079,3.68e-12,9.54e-11,CP018074.1,7630144,7630145,TSS_13475,37,+,CP018074.1,Genbank,gene,7643089,7643889,.,-,.,12944
vnz_34790,198.54089,4.1842203,0.5485156,7.6282613,2.38e-14,7.82e-13,CP018074.1,7741845,7741846,TSS_13566,624,-,CP018074.1,Genbank,gene,7737879,7738088,.,+,.,3758
vnz_34830,855.51003,3.0860799,0.4966408,6.2139068,5.17e-10,9.26e-09,CP018074.1,7741967,7741968,TSS_13568,161,+,CP018074.1,Genbank,gene,7747084,7748226,.,-,.,5116
vnz_35045,1050.2051,3.9989213,0.410412,9.7436761,1.96e-22,1.66e-20,CP018074.1,7798927,7798928,TSS_13587,246,-,CP018074.1,Genbank,gene,7797007,7797903,.,+,.,1025
vnz_35835,131.94186,4.3050561,0.7579772,5.6796643,1.35e-08,1.97e-07,CP018074.1,8000519,8000520,TSS_13611,134,-,CP018074.1,Genbank,gene,7999462,8000079,.,+,.,441
vnz_35885,51.882161,-2.5195693,0.5537511,-4.5500034,5.36e-06,5.07e-05,CP018074.1,8007124,8007125,TSS_13615,153,+,CP018074.1,Genbank,gene,8008709,8009485,.,-,.,1584
vnz_35885,51.882161,-2.5195693,0.5537511,-4.5500034,5.36e-06,5.07e-05,CP018074.1,8004693,8004694,TSS_13614,458,+,CP018074.1,Genbank,gene,8008709,8009485,.,-,.,4015
vnz_35885,51.882161,-2.5195693,0.5537511,-4.5500034,5.36e-06,5.07e-05,CP018074.1,8000594,8000595,TSS_13612,145,+,CP018074.1,Genbank,gene,8008709,8009485,.,-,.,8114
vnz_36045,89.906322,3.4788928,1.1731748,2.9653661,0.0030232,0.0145612,CP018074.1,8037230,8037231,TSS_13628,40,+,CP018074.1,Genbank,gene,8039904,8040425,.,-,.,2673
vnz_36045,89.906322,3.4788928,1.1731748,2.9653661,0.0030232,0.0145612,CP018074.1,8035692,8035693,TSS_13627,129,+,CP018074.1,Genbank,gene,8039904,8040425,.,-,.,4211
vnz_36200,1170.7263,-2.1491657,0.3929266,-5.4696372,4.51e-08,6.04e-07,CP018074.1,8072358,8072359,TSS_13684,31,-,CP018074.1,Genbank,gene,8071342,8072337,.,+,.,22
